,RA PCT,ITP PCT,MR PCT,3P PCT,Right Corner PCT,Left Corner PCT,Above the Break PCT,Backcourt PCT
2013-14,0.6090333333333333,0.39296666666666663,0.3932000000000001,0.35902873319745143,0.3854333333333333,0.38943333333333335,0.35209999999999997,0.044433333333333325
2014-15,0.6014666666666667,0.3913333333333334,0.39393333333333336,0.3492008650467964,0.3892333333333334,0.3801333333333334,0.3400999999999999,0.030600000000000006
2015-16,0.6030666666666666,0.40009999999999996,0.3978333333333334,0.35232657282657714,0.38089999999999996,0.3733000000000001,0.34773333333333334,0.04103333333333333
2016-17,0.6111666666666667,0.4163333333333333,0.3996999999999999,0.35708732673856364,0.38743333333333335,0.38456666666666667,0.35126666666666667,0.018933333333333333
2017-18,0.6309,0.3965,0.4024666666666666,0.36163066739999633,0.4034666666666667,0.3819333333333333,0.35580000000000006,0.011066666666666667
2018-19,0.6297333333333334,0.40253333333333335,0.4,0.35521701195729793,0.37873333333333326,0.3863,0.3497,0.0278
2019-20,0.6355000000000001,0.3971999999999999,0.3996666666666667,0.3573963647701213,0.3783,0.3970666666666667,0.35126666666666667,0.016399999999999998
2020-21,0.6423,0.4245999999999999,0.40990000000000004,0.365769766475954,0.3854666666666666,0.39696666666666663,0.35960000000000003,0.018899999999999997
