,RA FGA,ITP FGA,MR FGA,3P FGA,Right Corner FGA,Left Corner FGA,Above the Break FGA,Backcourt FGA
2013-14,26.84000000000001,12.383333333333335,22.236666666666668,21.56333333333333,2.6066666666666665,2.9099999999999997,15.843333333333335,0.20333333333333334
2014-15,26.886666666666663,12.4,21.86,22.446666666666665,2.8666666666666667,3.0033333333333334,16.396666666666665,0.18000000000000005
2015-16,27.413333333333334,12.283333333333331,20.79,24.05333333333333,3.0,3.1966666666666654,17.653333333333332,0.2033333333333333
2016-17,27.353333333333335,12.113333333333335,18.93333333333333,26.94,3.1033333333333335,3.269999999999999,20.349999999999998,0.2166666666666667
2017-18,27.180000000000003,13.52,16.40333333333333,28.976666666666663,3.0433333333333326,3.33,22.396666666666665,0.2066666666666667
2018-19,29.453333333333333,14.273333333333335,13.54,31.99333333333333,3.58,3.7199999999999998,24.50333333333333,0.19000000000000003
2019-20,28.61,14.353333333333335,11.780000000000001,34.08666666666667,3.7133333333333325,3.9600000000000004,26.21333333333333,0.2
2020-21,26.59333333333334,15.84333333333333,11.366666666666669,34.623333333333335,3.916666666666667,4.256666666666667,26.303333333333335,0.14666666666666675
