,FGA_per_game,FG2A_per_game,FG3A_per_game,REB_per_game,AST_per_game
2013-14,83.00000000000001,61.46333333333335,21.536666666666658,42.73666666666667,22.006666666666668
2014-15,83.56333333333332,61.15333333333332,22.41,43.306666666666665,22.023333333333333
2015-16,84.57000000000001,60.48666666666668,24.08333333333333,43.750000000000014,22.28666666666667
2016-17,85.41666666666667,58.41333333333334,27.00333333333333,43.52,22.626666666666665
2017-18,86.06333333333333,57.06666666666666,28.996666666666666,43.51666666666666,23.24
2018-19,89.21333333333332,57.206666666666656,32.00666666666667,45.17000000000001,24.579999999999995
2019-20,88.80333333333334,54.7,34.10333333333334,44.79,24.366666666666664
2020-21,88.41666666666667,53.78000000000001,34.63666666666666,44.300000000000004,24.806666666666665
